Workbook

Sheet FORMATO DE CAPACITACIONES 2026
A2: MINISTERIO DE AGRICULTURA GANADERÍA Y ALIMENTACIÓN -MAGA-
A3: DIRECCIÓN DE COORDINACIÓN REGIONAL Y EXTENSIÓN RURAL -DICORER-
A4: FORMACIÓN Y CAPACITACIÓN PARA EL DESARROLLO RURAL
A5: INFORME MENSUAL DE TALLERES O EVENTOS DE CAPACITACIÓN A NIVEL MUNICIPAL/DEPARTAMENTAL AÑO 2026
E6: (1) Mes:
A8: (3) No. | B8: (4) Nombre del evento | C8: (5) Fecha de realización | D8: (6) Comunidad, Aldea/ Municipio | E8: (7) Duración del evento (horas) | F8: (8) Nombre del Promotor | G8: (9) Número de teléfono del promotor | H8: (10) Nombre del Capacitador | I8: (11) Orientación de la capacitación (Marcar con una X) | Q8: (12) Número de Promotores | S8: (13) Otros participantes | U8: (14) Total participantes | W8: (15) Institución con quien coordina | X8: (16) Costo total | Y8: (17) Medios de Verificación (Marcar con una X) | AB8: (18) Observaciones
I9: Agrícola | J9: Pecuario | K9: Forestal | L9: Hidrobiológico | M9: Hogar Rural | N9: Juventud y Niñez | O9: Asociatividad y Comercialización | P9: Otro
Q10: H | R10: M | S10: H | T10: M | U10: H | V10: M | Y10: Fotos | Z10: Listados | AA10: otros
A11: MOMOSTENANGO
U12: =Q12+S12 | V12: =R12+T12
U13: =Q13+S13 | V13: =R13+T13
U14: =Q14+S14 | V14: =R14+T14
U15: =Q15+S15 | V15: =R15+T15
U16: =Q16+S16 | V16: =R16+T16
U17: =Q17+S17 | V17: =R17+T17
U18: =Q18+S18 | V18: =R18+T18
U19: =Q19+S19 | V19: =R19+T19
U20: =Q20+S20 | V20: =R20+T20
U21: =Q21+S21 | V21: =R21+T21
A22: =COUNT(A12:A21) | B22: SUBTOTAL DE HORAS | E22: =SUM(E12:E21) | F22: SUBTOTAL DE PARTICIPANTES | I22: =COUNTIF(I12:I21,"X") | J22: =COUNTIF(J12:J21,"X") | K22: =COUNTIF(K12:K21,"X") | L22: =COUNTIF(L12:L21,"X") | M22: =COUNTIF(M12:M21,"X") | N22: =COUNTIF(N12:N21,"X") | O22: =COUNTIF(O12:O21,"X") | P22: =COUNTIF(P12:P21,"X") | Q22: =SUM(Q12:Q21) | R22: =SUM(R12:R21) | S22: =SUM(S12:S21) | T22: =SUM(T12:T21) | U22: =SUM(U12:U21) | V22: =SUM(V12:V21)
Q23: =Q22+R22 | S23: =S22+T22 | U23: =U22+V22
A24: SAN ANDRÉS XECUL
U25: =Q25+S25 | V25: =R25+T25
U26: =Q26+S26 | V26: =R26+T26
U27: =Q27+S27 | V27: =R27+T27
U28: =Q28+S28 | V28: =R28+T28
U29: =Q29+S29 | V29: =R29+T29
U30: =Q30+S30 | V30: =R30+T30
U31: =Q31+S31 | V31: =R31+T31
U32: =Q32+S32 | V32: =R32+T32
U33: =Q33+S33 | V33: =R33+T33
U34: =Q34+S34 | V34: =R34+T34
A35: =COUNT(A25:A34) | B35: SUBTOTAL DE HORAS | E35: =SUM(E25:E34) | F35: SUBTOTAL DE PARTICIPANTES | I35: =COUNTIF(I25:I34,"X") | J35: =COUNTIF(J25:J34,"X") | K35: =COUNTIF(K25:K34,"X") | L35: =COUNTIF(L25:L34,"X") | M35: =COUNTIF(M25:M34,"X") | N35: =COUNTIF(N25:N34,"X") | O35: =COUNTIF(O25:O34,"X") | P35: =COUNTIF(P25:P34,"X") | Q35: =SUM(Q25:Q34) | R35: =SUM(R25:R34) | S35: =SUM(S25:S34) | T35: =SUM(T25:T34) | U35: =SUM(U25:U34) | V35: =SUM(V25:V34)
Q36: =Q35+R35 | S36: =S35+T35 | U36: =U35+V35
A37: SAN BARTOLO
U38: =Q38+S38 | V38: =R38+T38
U39: =Q39+S39 | V39: =R39+T39
U40: =Q40+S40 | V40: =R40+T40
U41: =Q41+S41 | V41: =R41+T41
U42: =Q42+S42 | V42: =R42+T42
U43: =Q43+S43 | V43: =R43+T43
U44: =Q44+S44 | V44: =R44+T44
U45: =Q45+S45 | V45: =R45+T45
U46: =Q46+S46 | V46: =R46+T46
U47: =Q47+S47 | V47: =R47+T47
A48: =COUNT(A38:A47) | B48: SUBTOTAL DE HORAS | E48: =SUM(E38:E47) | F48: SUBTOTAL DE PARTICIPANTES | I48: =COUNTIF(I38:I47,"X") | J48: =COUNTIF(J38:J47,"X") | K48: =COUNTIF(K38:K47,"X") | L48: =COUNTIF(L38:L47,"X") | M48: =COUNTIF(M38:M47,"X") | N48: =COUNTIF(N38:N47,"X") | O48: =COUNTIF(O38:O47,"X") | P48: =COUNTIF(P38:P47,"X") | Q48: =SUM(Q38:Q47) | R48: =SUM(R38:R47) | S48: =SUM(S38:S47) | T48: =SUM(T38:T47) | U48: =SUM(U38:U47) | V48: =SUM(V38:V47)
Q49: =Q48+R48 | S49: =S48+T48 | U49: =U48+V48
A50: SAN CRISTÓBAL TOTONICAPÁN
U51: =Q51+S51 | V51: =R51+T51
U52: =Q52+S52 | V52: =R52+T52
U53: =Q53+S53 | V53: =R53+T53
U54: =Q54+S54 | V54: =R54+T54
U55: =Q55+S55 | V55: =R55+T55
U56: =Q56+S56 | V56: =R56+T56
U57: =Q57+S57 | V57: =R57+T57
U58: =Q58+S58 | V58: =R58+T58
U59: =Q59+S59 | V59: =R59+T59
U60: =Q60+S60 | V60: =R60+T60
A61: =COUNT(A51:A60) | B61: SUBTOTAL DE HORAS | E61: =SUM(E51:E60) | F61: SUBTOTAL DE PARTICIPANTES | I61: =COUNTIF(I51:I60,"X") | J61: =COUNTIF(J51:J60,"X") | K61: =COUNTIF(K51:K60,"X") | L61: =COUNTIF(L51:L60,"X") | M61: =COUNTIF(M51:M60,"X") | N61: =COUNTIF(N51:N60,"X") | O61: =COUNTIF(O51:O60,"X") | P61: =COUNTIF(P51:P60,"X") | Q61: =SUM(Q51:Q60) | R61: =SUM(R51:R60) | S61: =SUM(S51:S60) | T61: =SUM(T51:T60) | U61: =SUM(U51:U60) | V61: =SUM(V51:V60)
Q62: =Q61+R61 | S62: =S61+T61 | U62: =U61+V61
A63: SAN FRANCISCO EL ALTO
U64: =Q64+S64 | V64: =R64+T64
U65: =Q65+S65 | V65: =R65+T65
U66: =Q66+S66 | V66: =R66+T66
U67: =Q67+S67 | V67: =R67+T67
U68: =Q68+S68 | V68: =R68+T68
U69: =Q69+S69 | V69: =R69+T69
U70: =Q70+S70 | V70: =R70+T70
U71: =Q71+S71 | V71: =R71+T71
U72: =Q72+S72 | V72: =R72+T72
U73: =Q73+S73 | V73: =R73+T73
A74: =COUNT(A64:A73) | B74: SUBTOTAL DE HORAS | E74: =SUM(E64:E73) | F74: SUBTOTAL DE PARTICIPANTES | I74: =COUNTIF(I64:I73,"X") | J74: =COUNTIF(J64:J73,"X") | K74: =COUNTIF(K64:K73,"X") | L74: =COUNTIF(L64:L73,"X") | M74: =COUNTIF(M64:M73,"X") | N74: =COUNTIF(N64:N73,"X") | O74: =COUNTIF(O64:O73,"X") | P74: =COUNTIF(P64:P73,"X") | Q74: =SUM(Q64:Q73) | R74: =SUM(R64:R73) | S74: =SUM(S64:S73) | T74: =SUM(T64:T73) | U74: =SUM(U64:U73) | V74: =SUM(V64:V73)
Q75: =Q74+R74 | S75: =S74+T74 | U75: =U74+V74
A76: SANTA LUCÍA LA REFORMA
U77: =Q77+S77 | V77: =R77+T77
U78: =Q78+S78 | V78: =R78+T78
U79: =Q79+S79 | V79: =R79+T79
U80: =Q80+S80 | V80: =R80+T80
U81: =Q81+S81 | V81: =R81+T81
U82: =Q82+S82 | V82: =R82+T82
U83: =Q83+S83 | V83: =R83+T83
U84: =Q84+S84 | V84: =R84+T84
U85: =Q85+S85 | V85: =R85+T85
U86: =Q86+S86 | V86: =R86+T86
A87: =COUNT(A77:A86) | B87: SUBTOTAL DE HORAS | E87: =SUM(E77:E86) | F87: SUBTOTAL DE PARTICIPANTES | I87: =COUNTIF(I77:I86,"X") | J87: =COUNTIF(J77:J86,"X") | K87: =COUNTIF(K77:K86,"X") | L87: =COUNTIF(L77:L86,"X") | M87: =COUNTIF(M77:M86,"X") | N87: =COUNTIF(N77:N86,"X") | O87: =COUNTIF(O77:O86,"X") | P87: =COUNTIF(P77:P86,"X") | Q87: =SUM(Q77:Q86) | R87: =SUM(R77:R86) | S87: =SUM(S77:S86) | T87: =SUM(T77:T86) | U87: =SUM(U77:U86) | V87: =SUM(V77:V86)
Q88: =Q87+R87 | S88: =S87+T87 | U88: =U87+V87
A89: SANTA MARÍA CHIQUIMULA
U90: =Q90+S90 | V90: =R90+T90
U91: =Q91+S91 | V91: =R91+T91
U92: =Q92+S92 | V92: =R92+T92
U93: =Q93+S93 | V93: =R93+T93
U94: =Q94+S94 | V94: =R94+T94
U95: =Q95+S95 | V95: =R95+T95
U96: =Q96+S96 | V96: =R96+T96
U97: =Q97+S97 | V97: =R97+T97
U98: =Q98+S98 | V98: =R98+T98
U99: =Q99+S99 | V99: =R99+T99
A100: =COUNT(A90:A99) | B100: SUBTOTAL DE HORAS | E100: =SUM(E90:E99) | F100: SUBTOTAL DE PARTICIPANTES | I100: =COUNTIF(I90:I99,"X") | J100: =COUNTIF(J90:J99,"X") | K100: =COUNTIF(K90:K99,"X") | L100: =COUNTIF(L90:L99,"X") | M100: =COUNTIF(M90:M99,"X") | N100: =COUNTIF(N90:N99,"X") | O100: =COUNTIF(O90:O99,"X") | P100: =COUNTIF(P90:P99,"X") | Q100: =SUM(Q90:Q99) | R100: =SUM(R90:R99) | S100: =SUM(S90:S99) | T100: =SUM(T90:T99) | U100: =SUM(U90:U99) | V100: =SUM(V90:V99)
Q101: =Q100+R100 | S101: =S100+T100 | U101: =U100+V100
A102: TOTONICAPÁN
...

Sheet RESUMEN
C4: RESUMEN DE EVENTOS DE CAPACITACIÓN 2026
B6: No. | C6: NOMBRE DEL MUNICIPIO | D6: EVENTOS | E6: HORAS | F6: HOMBRES | G6: MUJERES | H6: SUB-TOTAL PARTICIPANTES
B7: 1 | C7: ='FORMATO DE CAPACITACIONES 2026'!A11 | D7: ='FORMATO DE CAPACITACIONES 2026'!A22 | E7: ='FORMATO DE CAPACITACIONES 2026'!E22 | F7: ='FORMATO DE CAPACITACIONES 2026'!U22 | G7: ='FORMATO DE CAPACITACIONES 2026'!V22 | H7: =SUM(F7:G7)
B8: 2 | C8: ='FORMATO DE CAPACITACIONES 2026'!A24 | D8: ='FORMATO DE CAPACITACIONES 2026'!A35 | E8: ='FORMATO DE CAPACITACIONES 2026'!E35 | F8: ='FORMATO DE CAPACITACIONES 2026'!U35 | G8: ='FORMATO DE CAPACITACIONES 2026'!V35 | H8: =SUM(F8:G8)
B9: 3 | C9: ='FORMATO DE CAPACITACIONES 2026'!A37 | D9: ='FORMATO DE CAPACITACIONES 2026'!A48 | E9: ='FORMATO DE CAPACITACIONES 2026'!E48 | F9: ='FORMATO DE CAPACITACIONES 2026'!U48 | G9: ='FORMATO DE CAPACITACIONES 2026'!V48 | H9: =SUM(F9:G9)
B10: 4 | C10: ='FORMATO DE CAPACITACIONES 2026'!A50 | D10: ='FORMATO DE CAPACITACIONES 2026'!A61 | E10: ='FORMATO DE CAPACITACIONES 2026'!E61 | F10: ='FORMATO DE CAPACITACIONES 2026'!U61 | G10: ='FORMATO DE CAPACITACIONES 2026'!V61 | H10: =SUM(F10:G10)
B11: 5 | C11: ='FORMATO DE CAPACITACIONES 2026'!A63 | D11: ='FORMATO DE CAPACITACIONES 2026'!A74 | E11: ='FORMATO DE CAPACITACIONES 2026'!E74 | F11: ='FORMATO DE CAPACITACIONES 2026'!U74 | G11: ='FORMATO DE CAPACITACIONES 2026'!V74 | H11: =SUM(F11:G11)
B12: 6 | C12: ='FORMATO DE CAPACITACIONES 2026'!A76 | D12: ='FORMATO DE CAPACITACIONES 2026'!A87 | E12: ='FORMATO DE CAPACITACIONES 2026'!E87 | F12: ='FORMATO DE CAPACITACIONES 2026'!U87 | G12: ='FORMATO DE CAPACITACIONES 2026'!V87 | H12: =SUM(F12:G12)
B13: 7 | C13: ='FORMATO DE CAPACITACIONES 2026'!A89 | D13: ='FORMATO DE CAPACITACIONES 2026'!A100 | E13: ='FORMATO DE CAPACITACIONES 2026'!E100 | F13: ='FORMATO DE CAPACITACIONES 2026'!U100 | G13: ='FORMATO DE CAPACITACIONES 2026'!V100 | H13: =SUM(F13:G13)
B14: 8 | C14: ='FORMATO DE CAPACITACIONES 2026'!A102 | D14: ='FORMATO DE CAPACITACIONES 2026'!A113 | E14: ='FORMATO DE CAPACITACIONES 2026'!E113 | F14: ='FORMATO DE CAPACITACIONES 2026'!U113 | G14: ='FORMATO DE CAPACITACIONES 2026'!V113 | H14: =SUM(F14:G14)
B15: 9 | C15: ='FORMATO DE CAPACITACIONES 2026'!A115 | D15: ='FORMATO DE CAPACITACIONES 2026'!A126 | E15: ='FORMATO DE CAPACITACIONES 2026'!E126 | F15: ='FORMATO DE CAPACITACIONES 2026'!U126 | G15: ='FORMATO DE CAPACITACIONES 2026'!V126 | H15: =SUM(F15:G15)
B16: TOTAL | D16: =SUM(D7:D15) | E16: =SUM(E7:E15) | F16: =SUM(F7:F15) | G16: =SUM(G7:G15) | H16: =SUM(H7:H15)
F17: =F16/H16*100% | G17: =G16/H16*100%
B19: RESUMEN DE INTERVENCIONES DE CAPACITACIÓN POR ACTIVIDAD | F19: PROMOTORES | G19: HOMBRES | H19: MUJERES
G20: ='FORMATO DE CAPACITACIONES 2026'!Q22+'FORMATO DE CAPACITACIONES 2026'!Q35+'FORMATO DE CAPACITACIONES 2026'!Q48+'FORMATO DE CAPACITACIONES 2026'!Q61+'FORMATO DE CAPACITACIONES 2026'!Q74+'FORMATO DE CAPACITACIONES 2026'!Q87+'FORMATO DE CAPACITACIONES 2026'!Q100+'FORMATO DE CAPACITACIONES 2026'!Q113+'FORMATO DE CAPACITACIONES 2026'!Q126 | H20: ='FORMATO DE CAPACITACIONES 2026'!R22+'FORMATO DE CAPACITACIONES 2026'!R35+'FORMATO DE CAPACITACIONES 2026'!R48+'FORMATO DE CAPACITACIONES 2026'!R61+'FORMATO DE CAPACITACIONES 2026'!R74+'FORMATO DE CAPACITACIONES 2026'!R87+'FORMATO DE CAPACITACIONES 2026'!R100+'FORMATO DE CAPACITACIONES 2026'!R113+'FORMATO DE CAPACITACIONES 2026'!R126
B21: No. | C21: Categoría de las capacitaciones | D21: EVENTOS
B22: 1 | C22: Agrícola | D22: ='FORMATO DE CAPACITACIONES 2026'!I22+'FORMATO DE CAPACITACIONES 2026'!I35+'FORMATO DE CAPACITACIONES 2026'!I48+'FORMATO DE CAPACITACIONES 2026'!I61+'FORMATO DE CAPACITACIONES 2026'!I74+'FORMATO DE CAPACITACIONES 2026'!I87+'FORMATO DE CAPACITACIONES 2026'!I100+'FORMATO DE CAPACITACIONES 2026'!I113+'FORMATO DE CAPACITACIONES 2026'!I126
B23: 2 | C23: Pecuario | D23: ='FORMATO DE CAPACITACIONES 2026'!J22+'FORMATO DE CAPACITACIONES 2026'!J35+'FORMATO DE CAPACITACIONES 2026'!J48+'FORMATO DE CAPACITACIONES 2026'!J61+'FORMATO DE CAPACITACIONES 2026'!J74+'FORMATO DE CAPACITACIONES 2026'!J87+'FORMATO DE CAPACITACIONES 2026'!J100+'FORMATO DE CAPACITACIONES 2026'!J113+'FORMATO DE CAPACITACIONES 2026'!J126
B24: 3 | C24: Forestal | D24: ='FORMATO DE CAPACITACIONES 2026'!K22+'FORMATO DE CAPACITACIONES 2026'!K35+'FORMATO DE CAPACITACIONES 2026'!K48+'FORMATO DE CAPACITACIONES 2026'!K61+'FORMATO DE CAPACITACIONES 2026'!K74+'FORMATO DE CAPACITACIONES 2026'!K87+'FORMATO DE CAPACITACIONES 2026'!K100+'FORMATO DE CAPACITACIONES 2026'!K113+'FORMATO DE CAPACITACIONES 2026'!K126
B25: 4 | C25: Hidrobiológico | D25: ='FORMATO DE CAPACITACIONES 2026'!L22+'FORMATO DE CAPACITACIONES 2026'!L35+'FORMATO DE CAPACITACIONES 2026'!L48+'FORMATO DE CAPACITACIONES 2026'!L61+'FORMATO DE CAPACITACIONES 2026'!L74+'FORMATO DE CAPACITACIONES 2026'!L87+'FORMATO DE CAPACITACIONES 2026'!L100+'FORMATO DE CAPACITACIONES 2026'!L113+'FORMATO DE CAPACITACIONES 2026'!L126
B26: 5 | C26: Hogar Rural | D26: ='FORMATO DE CAPACITACIONES 2026'!M22+'FORMATO DE CAPACITACIONES 2026'!M35+'FORMATO DE CAPACITACIONES 2026'!M48+'FORMATO DE CAPACITACIONES 2026'!M61+'FORMATO DE CAPACITACIONES 2026'!M74+'FORMATO DE CAPACITACIONES 2026'!M87+'FORMATO DE CAPACITACIONES 2026'!M100+'FORMATO DE CAPACITACIONES 2026'!M113+'FORMATO DE CAPACITACIONES 2026'!M126
B27: 6 | C27: Juventud y Niñez | D27: ='FORMATO DE CAPACITACIONES 2026'!N22+'FORMATO DE CAPACITACIONES 2026'!N35+'FORMATO DE CAPACITACIONES 2026'!N48+'FORMATO DE CAPACITACIONES 2026'!N61+'FORMATO DE CAPACITACIONES 2026'!N74+'FORMATO DE CAPACITACIONES 2026'!N87+'FORMATO DE CAPACITACIONES 2026'!N100+'FORMATO DE CAPACITACIONES 2026'!N113+'FORMATO DE CAPACITACIONES 2026'!N126
B28: 7 | C28: Asociatividad y comercialización | D28: ='FORMATO DE CAPACITACIONES 2026'!O22+'FORMATO DE CAPACITACIONES 2026'!O35+'FORMATO DE CAPACITACIONES 2026'!O48+'FORMATO DE CAPACITACIONES 2026'!O61+'FORMATO DE CAPACITACIONES 2026'!O74+'FORMATO DE CAPACITACIONES 2026'!O87+'FORMATO DE CAPACITACIONES 2026'!O100+'FORMATO DE CAPACITACIONES 2026'!O113+'FORMATO DE CAPACITACIONES 2026'!O126
B29: 8 | C29: Otro | D29: ='FORMATO DE CAPACITACIONES 2026'!P22+'FORMATO DE CAPACITACIONES 2026'!P35+'FORMATO DE CAPACITACIONES 2026'!P48+'FORMATO DE CAPACITACIONES 2026'!P61+'FORMATO DE CAPACITACIONES 2026'!P74+'FORMATO DE CAPACITACIONES 2026'!P87+'FORMATO DE CAPACITACIONES 2026'!P100+'FORMATO DE CAPACITACIONES 2026'!P113+'FORMATO DE CAPACITACIONES 2026'!P126
B30: TOTAL | D30: =SUM(D22:D29)

Sheet INDICACIONES DE LLENADO
A3: INDICACIONES PARA EL LLENADO DEL FORMATO DE INFORME DE CAPACITACIÓN 2026
A5: (1) MES: | B5: Nombre del mes al que corresponde el informe
A6: (2) SEDE DEPARTAMENTAL : | B6: Nombre de la Sede Departamental que corresponde el informe
A7: (3) No. | B7: Numero correlativo de la cantidad de eventos realizados durante el mes informado
A8: (4) Nombre del evento | B8: Nombre completo de la actividad (taller, curso, seminario etc.) ÚNICAMENTE REPORTAR EVENTOS DE CAPACITACIÓN, NO REUNIONES NI VISITAS
A9: (5) Fecha de realización | B9: Fecha en que se realizó el evento
A10: (6) Comunidad, Aldea/Municipio | B10: Nombre de la comunidad, aldea y municipio en el cual se desarrolló el evento
A11: (7) Duración del evento (Horas) | B11: Cantidad de horas de duración de la actividad planificada
A12: (8) Nombre del promotor | B12: Nombre del promotor de la comunidad
A13: (9) No. De teléfono | B13: Número de teléfono del promotor de la comunidad
A14: (10) Nombre del capacitador | B14: Nombre de la persona encargada de llevar a cabo la capacitación
A15: (11) Orientación de la capacitación | B15: Intervención a la que aporta la capacitación (Agrícola, pecuario, forestal, hidrobiológico, Hogar Rural u otro)
A16: (12) Número de Extensionistas | B16: Número de extensionistas participantes en el evento, hombres y mujeres
... A23: (19) Observaciones | B23: Cualquier otro dato que se considere importante o de relevancia respecto a la actividad informada.
A26: Es importante para todos y todas que no cambiemos el formato, eso permitirá uniformizar el traslado y recepción de información.
A27: La informacion deberá ser enviada en el transcurso de los primeros 5 días de cada mes subsiguiente.
A29: La información mensual deberá ser enviada a :
A30: Lic. Iván Asdrubald Guzmán | B30: ivanguzman07.ig@gmail.com | D30: Apoyo Profesional Formación y Capacitación | G30: 5430-2859
B31: contratista.ivan.guzman@maga.gob.gt
A32: Ing. Carlos Ernesto Rosales Betancourt | B32: contratista.carlos.rosales@maga.gob.gt | D32: Apoyo Profesional Formación y Capacitación | G32: 4647-8550
